{
    "observation.states.left_effector.position": 0,
    "observation.states.right_effector.position": 0,
    "observation.states.end.orientation": [
        [
            -0.3273370862007141,
            0.3724914491176605,
            -0.6678195595741272,
            0.5550835132598877
        ],
        [
            0.05275696516036987,
            0.07257802784442902,
            0.7432577610015869,
            0.6629608869552612
        ]
    ],
    "observation.states.end.position": [
        [
            -4.6259894371032715,
            11.533178329467773,
            1.2071757316589355
        ],
        [
            -4.5437211990356445,
            10.88802719116211,
            1.047045350074768
        ]
    ],
    "observation.states.head.position": [
        0,
        0.43630000948905945
    ],
    "observation.states.joint.current_value": [
        0,
        0,
        0,
        0,
        0,
        0,
        0,
        0,
        0,
        0,
        0,
        0,
        0,
        0
    ],
    "observation.states.joint.position": [
        -1.7309999465942383,
        -0.46799999475479126,
        1.2740000486373901,
        -1.054900050163269,
        0.019999999552965164,
        1.4951000213623047,
        -0.0430000014603138,
        1.0751999616622925,
        -0.6122000217437744,
        -0.28209999203681946,
        1.2818000316619873,
        -0.729200005531311,
        -1.4950000047683716,
        0.18610000610351562
    ],
    "observation.states.robot.orientation": [
        1,
        0,
        0,
        0
    ],
    "observation.states.robot.position": [
        -5.170000076293945,
        11.050000190734863,
        -0.009999999776482582
    ],
    "observation.states.waist.position": [
        0.5235999822616577,
        0.30000001192092896
    ],
    "actions.left_effector.position": 0.1589999794960022,
    "actions.right_effector.position": 0.1524999737739563,
    "actions.end.orientation": [
        [
            -0.3273370862007141,
            0.3724914491176605,
            -0.6678195595741272,
            0.5550835132598877
        ],
        [
            0.05275696516036987,
            0.07257802784442902,
            0.7432577610015869,
            0.6629608869552612
        ]
    ],
    "actions.end.position": [
        [
            -4.6259894371032715,
            11.533178329467773,
            1.2071757316589355
        ],
        [
            -4.5437211990356445,
            10.88802719116211,
            1.047045350074768
        ]
    ],
    "actions.head.position": [
        0,
        0.43630000948905945
    ],
    "actions.joint.position": [
        -1.7309999465942383,
        -0.46799999475479126,
        1.2740000486373901,
        -1.054900050163269,
        0.019999999552965164,
        1.4951000213623047,
        -0.0430000014603138,
        1.0751999616622925,
        -0.6122000217437744,
        -0.28209999203681946,
        1.2818000316619873,
        -0.729200005531311,
        -1.4950000047683716,
        0.18610000610351562
    ],
    "actions.waist.position": [
        0.5235999822616577,
        0.30000001192092896
    ],
    "timestamp": 0,
    "frame_index": 0,
    "episode_index": 0,
    "index": 0,
    "task_index": 0
}