{
    "fx": 435.26140525224156,
    "fy": 435.26140525224156,
    "ppx": 424.0,
    "ppy": 240.0,
    "distortion_model": "pinhole",
    "k1": 0.0,
    "k2": 0.0,
    "k3": 0.0,
    "p1": 0.0,
    "p2": 0.0
}