{
    "fx": 634.0862399675711,
    "fy": 634.0862399675711,
    "ppx": 640.0,
    "ppy": 360.0,
    "distortion_model": "pinhole",
    "k1": 0.0,
    "k2": 0.0,
    "k3": 0.0,
    "p1": 0.0,
    "p2": 0.0
}